ognjen ;1;10. 1.2019.; 0:25:18;-1
ognjen ;2;10. 1.2019.; 0:25:18;-1
ognjen ;3;10. 1.2019.; 0:25:18;-1
ognjen ;4;10. 1.2019.; 0:26:41;1

test ;1;10. 1.2019.; 2:17:56;-1
test ;2;10. 1.2019.; 2:17:56;-1
test ;3;10. 1.2019.; 2:17:56;-1
test ;4;10. 1.2019.; 2:17:56;-1
test1 ;1;10. 1.2019.; 2:18:43;-1
test1 ;2;10. 1.2019.; 2:18:43;-1
test1 ;3;10. 1.2019.; 2:18:43;-1
test1 ;4;10. 1.2019.; 2:18:43;-1
nesto ;1;10. 1.2019.; 2:19:16;-1
nesto ;2;10. 1.2019.; 2:19:16;-1
nesto ;3;10. 1.2019.; 2:19:16;-1
nesto ;4;10. 1.2019.; 2:19:16;-1
test5 ;1;10. 1.2019.; 2:25:25;-1
test5 ;2;10. 1.2019.; 2:25:25;-1
test5 ;3;10. 1.2019.; 2:25:25;-1
test5 ;4;10. 1.2019.; 2:25:25;-1
test10 ;1;10. 1.2019.; 2:27: 3;-1
test10 ;2;10. 1.2019.; 2:27: 3;-1
test10 ;3;10. 1.2019.; 2:27: 3;-1
test10 ;4;10. 1.2019.; 2:27: 3;-1
nesto3 ;1;10. 1.2019.; 2:29:31;-1
nesto3 ;2;10. 1.2019.; 2:29:31;-1
nesto3 ;3;10. 1.2019.; 2:29:31;-1
nesto3 ;4;10. 1.2019.; 2:29:31;-1
test6 ;1;10. 1.2019.; 2:30:32;-1
test6 ;2;10. 1.2019.; 2:30:32;-1
test6 ;3;10. 1.2019.; 2:30:32;-1
test6 ;4;10. 1.2019.; 2:30:32;-1
ognjen ;1;10. 1.2019.; 2:40:42;-1
ognjen ;2;10. 1.2019.; 2:40:42;-1
ognjen ;3;10. 1.2019.; 2:40:42;-1
ognjen ;4;10. 1.2019.; 2:40:42;-1
